{"Accels": [1.0, 1.0, 1.0], "AccelBias": [0.0, 0.0, 0.0], "GyroBias": [0.01212023106099976, 0.04885510408668648, -0.027693303161460358], "Mags": [1.0, 1.0, 1.0], "MagBias": [2.2943643998587975, 3.016955957162359, -1.1329466571397924], "Magtransform": [[0.8271268934309302, 0.0650490868460944, 0.030029146834726992], [0.06504908684609444, 0.888166495617402, -0.05390338994279289], [0.030029146834726992, -0.05390338994279291, 1.3737974043452086]]}